<?xml version="1.0"?>
<root>
  <vkopenurldef>
    <name>KeyCode::VK_OPEN_URL_SHELL_GYAON_START</name>
    <url type="shell">
      <![CDATA[    /bin/sh $HOME/.gyaon/start.sh    ]]>
    </url>
  </vkopenurldef>

  <vkopenurldef>
    <name>KeyCode::VK_OPEN_URL_SHELL_GYAON_STOP</name>
    <url type="shell">
      <![CDATA[    /bin/sh $HOME/.gyaon/stop.sh    ]]>
    </url>
  </vkopenurldef>

  <item>
    <name>CMD_R + FN -> GYAON</name>
    <identifier>gyaon</identifier>
    <autogen>
      __SimultaneousKeyPresses__
      KeyCode::COMMAND_R, KeyCode::FN,
      KeyCode::VK_OPEN_URL_SHELL_GYAON_START,
      Option::NOREPEAT,
      Option::KEYTOKEY_AFTER_KEYUP,
      KeyCode::VK_OPEN_URL_SHELL_GYAON_STOP,
    </autogen>
  </item>
</root>
